Customer_ID,Password,Name,Age,Tenure,Income,Claims,Current_Plan,Subscription_Status
C1000,password,User 1,56,34,55057,3,Standard Plan,Inactive
C1001,password,User 2,69,14,21239,2,Premium Plan,Active
C1002,password,User 3,46,24,85661,5,Standard Plan,Inactive
C1003,password,User 4,32,36,65272,6,Standard Plan,Inactive
C1004,password,User 5,60,27,109393,3,Basic Plan,Active
C1005,password,User 6,25,9,81212,6,Basic Plan,Active
C1006,password,User 7,38,38,35398,8,Standard Plan,Active
C1007,password,User 8,56,16,76503,1,Standard Plan,Inactive
C1008,password,User 9,36,38,26638,2,Standard Plan,Inactive
C1009,password,User 10,40,21,26570,4,Standard Plan,Inactive
C1010,password,User 11,28,25,88785,2,Basic Plan,Inactive
C1011,password,User 12,28,24,29110,7,Premium Plan,Active
C1012,password,User 13,41,16,99141,9,Basic Plan,Inactive
C1013,password,User 14,53,12,32115,7,Premium Plan,Inactive
C1014,password,User 15,57,19,59062,7,Standard Plan,Inactive
C1015,password,User 16,41,24,42911,8,Premium Plan,Inactive
C1016,password,User 17,20,3,52556,3,Basic Plan,Inactive
C1017,password,User 18,39,9,98131,4,Basic Plan,Inactive
C1018,password,User 19,19,2,21969,4,Standard Plan,Inactive
C1019,password,User 20,41,17,63753,7,Basic Plan,Active
C1020,password,User 21,61,35,102811,6,Standard Plan,Inactive
C1021,password,User 22,47,21,24470,8,Basic Plan,Inactive
C1022,password,User 23,55,33,30225,7,Basic Plan,Inactive
C1023,password,User 24,19,7,43196,1,Standard Plan,Inactive
C1024,password,User 25,38,39,33669,9,Premium Plan,Active
C1025,password,User 26,50,18,57380,3,Basic Plan,Active
C1026,password,User 27,29,36,68320,5,Premium Plan,Active
C1027,password,User 28,39,5,67414,1,Basic Plan,Active
C1028,password,User 29,61,25,35577,6,Basic Plan,Active
C1029,password,User 30,42,33,108009,2,Basic Plan,Active
C1030,password,User 31,66,5,75409,2,Basic Plan,Inactive
C1031,password,User 32,44,36,48625,1,Premium Plan,Active
C1032,password,User 33,59,32,101040,7,Premium Plan,Active
C1033,password,User 34,45,21,44089,5,Basic Plan,Inactive
C1034,password,User 35,33,20,56487,0,Basic Plan,Active
C1035,password,User 36,32,5,85838,0,Premium Plan,Inactive
C1036,password,User 37,64,5,116999,6,Standard Plan,Inactive
C1037,password,User 38,68,3,114795,7,Standard Plan,Active
C1038,password,User 39,61,29,70138,4,Premium Plan,Inactive
C1039,password,User 40,69,10,62823,4,Basic Plan,Active
C1040,password,User 41,20,29,57208,3,Basic Plan,Active
C1041,password,User 42,54,30,74061,5,Standard Plan,Inactive
C1042,password,User 43,68,23,50659,5,Standard Plan,Inactive
C1043,password,User 44,24,8,51890,2,Premium Plan,Active
C1044,password,User 45,38,2,99134,8,Standard Plan,Inactive
C1045,password,User 46,26,30,67055,6,Premium Plan,Inactive
C1046,password,User 47,56,39,39508,0,Standard Plan,Active
C1047,password,User 48,35,36,62287,6,Standard Plan,Active
C1048,password,User 49,21,35,98916,4,Standard Plan,Inactive
C1049,password,User 50,42,23,46984,4,Basic Plan,Active
C1050,password,User 51,31,30,28125,1,Basic Plan,Active
C1051,password,User 52,67,5,56059,3,Basic Plan,Active
C1052,password,User 53,26,1,89569,5,Standard Plan,Active
C1053,password,User 54,43,19,37087,9,Premium Plan,Active
C1054,password,User 55,19,27,25704,6,Premium Plan,Active
C1055,password,User 56,37,10,80576,4,Premium Plan,Active
C1056,password,User 57,45,3,93384,8,Premium Plan,Inactive
C1057,password,User 58,64,14,107128,2,Basic Plan,Active
C1058,password,User 59,24,5,92460,0,Basic Plan,Inactive
C1059,password,User 60,61,29,47208,3,Standard Plan,Inactive
C1060,password,User 61,25,37,105150,8,Standard Plan,Inactive
C1061,password,User 62,64,1,86024,3,Premium Plan,Active
C1062,password,User 63,52,14,59882,1,Basic Plan,Active
C1063,password,User 64,31,10,45923,9,Premium Plan,Inactive
C1064,password,User 65,34,7,49165,4,Standard Plan,Active
C1065,password,User 66,53,25,87203,2,Standard Plan,Inactive
C1066,password,User 67,67,4,111749,8,Premium Plan,Active
C1067,password,User 68,57,5,24114,3,Standard Plan,Active
C1068,password,User 69,21,25,84965,5,Premium Plan,Inactive
C1069,password,User 70,19,3,56321,1,Basic Plan,Inactive
C1070,password,User 71,23,18,93297,5,Premium Plan,Inactive
C1071,password,User 72,59,19,116652,2,Basic Plan,Active
C1072,password,User 73,21,32,119304,8,Basic Plan,Inactive
C1073,password,User 74,46,19,45426,1,Standard Plan,Active
C1074,password,User 75,35,11,37772,8,Standard Plan,Active
C1075,password,User 76,43,0,23712,4,Standard Plan,Active
C1076,password,User 77,61,25,21367,7,Premium Plan,Inactive
C1077,password,User 78,51,13,111736,1,Premium Plan,Inactive
C1078,password,User 79,27,37,71924,5,Standard Plan,Inactive
C1079,password,User 80,53,36,23726,2,Premium Plan,Active
C1080,password,User 81,31,10,109152,9,Standard Plan,Active
C1081,password,User 82,48,35,47723,4,Premium Plan,Inactive
C1082,password,User 83,65,12,29108,7,Basic Plan,Active
C1083,password,User 84,32,2,97714,9,Basic Plan,Active
C1084,password,User 85,25,32,55643,0,Standard Plan,Inactive
C1085,password,User 86,31,5,51324,4,Premium Plan,Inactive
C1086,password,User 87,40,9,103360,2,Premium Plan,Inactive
C1087,password,User 88,57,4,28927,3,Basic Plan,Active
C1088,password,User 89,38,22,113680,1,Basic Plan,Active
C1089,password,User 90,33,9,116546,8,Standard Plan,Active
C1090,password,User 91,62,1,42443,2,Basic Plan,Active
C1091,password,User 92,35,12,99973,1,Standard Plan,Active
C1092,password,User 93,64,39,83449,9,Basic Plan,Inactive
C1093,password,User 94,41,1,96743,8,Basic Plan,Active
C1094,password,User 95,43,19,80233,6,Premium Plan,Active
C1095,password,User 96,42,0,45537,5,Basic Plan,Active
C1096,password,User 97,62,36,97576,0,Basic Plan,Inactive
C1097,password,User 98,58,8,42612,4,Standard Plan,Inactive
C1098,password,User 99,46,16,113977,2,Basic Plan,Inactive
C1099,password,User 100,32,8,26471,0,Standard Plan,Active
C1100,password,User 101,62,10,55631,3,Basic Plan,Inactive
C1101,password,User 102,18,14,112059,1,Basic Plan,Inactive
C1102,password,User 103,42,23,51348,1,Standard Plan,Inactive
C1103,password,User 104,24,37,84732,2,Premium Plan,Active
C1104,password,User 105,26,34,21177,7,Standard Plan,Inactive
C1105,password,User 106,41,29,24760,7,Standard Plan,Active
C1106,password,User 107,18,30,52779,6,Standard Plan,Active
C1107,password,User 108,61,4,41636,5,Premium Plan,Inactive
C1108,password,User 109,25,13,101889,8,Basic Plan,Active
C1109,password,User 110,41,10,73551,3,Standard Plan,Inactive
C1110,password,User 111,28,8,31556,0,Standard Plan,Active
C1111,password,User 112,68,33,47598,7,Premium Plan,Inactive
C1112,password,User 113,34,11,31563,6,Standard Plan,Inactive
C1113,password,User 114,25,34,66819,6,Basic Plan,Inactive
C1114,password,User 115,52,34,93770,2,Premium Plan,Active
C1115,password,User 116,52,0,111055,3,Basic Plan,Inactive
C1116,password,User 117,50,39,46966,9,Basic Plan,Active
C1117,password,User 118,22,21,101709,8,Premium Plan,Inactive
C1118,password,User 119,59,28,79889,5,Standard Plan,Active
C1119,password,User 120,56,7,46987,4,Basic Plan,Active
C1120,password,User 121,58,10,98714,2,Basic Plan,Inactive
C1121,password,User 122,45,36,78348,8,Basic Plan,Inactive
C1122,password,User 123,24,13,44596,4,Basic Plan,Inactive
C1123,password,User 124,26,29,53174,4,Premium Plan,Inactive
C1124,password,User 125,25,34,84106,3,Premium Plan,Inactive
C1125,password,User 126,29,20,89967,3,Basic Plan,Active
C1126,password,User 127,51,36,79182,0,Standard Plan,Inactive
C1127,password,User 128,50,4,113300,6,Basic Plan,Inactive
C1128,password,User 129,65,18,107163,8,Standard Plan,Active
C1129,password,User 130,40,13,59310,2,Basic Plan,Inactive
C1130,password,User 131,41,25,76088,1,Standard Plan,Inactive
C1131,password,User 132,54,3,28906,2,Basic Plan,Active
C1132,password,User 133,52,24,56914,0,Standard Plan,Inactive
C1133,password,User 134,61,24,65379,5,Basic Plan,Inactive
C1134,password,User 135,57,17,98612,6,Basic Plan,Inactive
C1135,password,User 136,39,39,57650,1,Standard Plan,Active
C1136,password,User 137,44,7,66881,7,Premium Plan,Inactive
C1137,password,User 138,52,38,66413,5,Standard Plan,Active
C1138,password,User 139,18,39,26012,3,Premium Plan,Inactive
C1139,password,User 140,52,13,70115,4,Basic Plan,Active
C1140,password,User 141,54,31,27151,7,Standard Plan,Inactive
C1141,password,User 142,64,37,77716,2,Standard Plan,Active
C1142,password,User 143,31,32,113747,2,Standard Plan,Active
C1143,password,User 144,20,22,112653,3,Premium Plan,Active
C1144,password,User 145,18,14,56378,0,Premium Plan,Active
C1145,password,User 146,22,32,62652,8,Basic Plan,Active
C1146,password,User 147,43,24,92430,7,Premium Plan,Active
C1147,password,User 148,31,16,33467,7,Premium Plan,Inactive
C1148,password,User 149,56,32,51010,9,Basic Plan,Inactive
C1149,password,User 150,44,1,74691,5,Standard Plan,Active
C1150,password,User 151,26,13,84157,6,Standard Plan,Active
C1151,password,User 152,32,39,32289,5,Basic Plan,Active
C1152,password,User 153,32,39,64976,8,Standard Plan,Active
C1153,password,User 154,43,38,63596,2,Premium Plan,Inactive
C1154,password,User 155,59,5,43171,2,Basic Plan,Active
C1155,password,User 156,30,5,106365,2,Basic Plan,Inactive
C1156,password,User 157,68,2,119590,9,Basic Plan,Inactive
C1157,password,User 158,49,6,64139,2,Standard Plan,Active
C1158,password,User 159,56,7,68713,8,Basic Plan,Active
C1159,password,User 160,66,14,49734,3,Basic Plan,Inactive
C1160,password,User 161,69,28,92588,6,Basic Plan,Inactive
C1161,password,User 162,49,32,83646,8,Standard Plan,Active
C1162,password,User 163,21,29,23654,6,Premium Plan,Active
C1163,password,User 164,47,38,109022,8,Basic Plan,Active
C1164,password,User 165,54,26,38743,2,Premium Plan,Inactive
C1165,password,User 166,40,35,68368,3,Standard Plan,Inactive
C1166,password,User 167,56,28,110025,7,Standard Plan,Active
C1167,password,User 168,62,37,94172,5,Standard Plan,Inactive
C1168,password,User 169,32,32,26441,4,Standard Plan,Inactive
C1169,password,User 170,60,36,44611,3,Premium Plan,Active
C1170,password,User 171,46,26,32149,7,Basic Plan,Active
C1171,password,User 172,53,32,79189,0,Standard Plan,Inactive
C1172,password,User 173,30,3,41675,8,Standard Plan,Inactive
C1173,password,User 174,49,21,91031,0,Premium Plan,Active
C1174,password,User 175,24,1,62668,7,Premium Plan,Active
C1175,password,User 176,68,9,33673,3,Standard Plan,Active
C1176,password,User 177,39,4,96666,8,Basic Plan,Active
C1177,password,User 178,45,9,108204,4,Basic Plan,Active
C1178,password,User 179,19,32,100758,2,Standard Plan,Inactive
C1179,password,User 180,59,37,85429,8,Premium Plan,Inactive
C1180,password,User 181,62,12,43669,8,Standard Plan,Inactive
C1181,password,User 182,23,30,54068,3,Standard Plan,Inactive
C1182,password,User 183,45,35,108789,3,Premium Plan,Active
C1183,password,User 184,45,23,29435,7,Standard Plan,Active
C1184,password,User 185,61,14,114088,1,Standard Plan,Active
C1185,password,User 186,61,28,72249,8,Standard Plan,Inactive
C1186,password,User 187,37,7,57384,5,Premium Plan,Inactive
C1187,password,User 188,47,4,101929,8,Basic Plan,Inactive
C1188,password,User 189,28,28,96153,7,Basic Plan,Active
C1189,password,User 190,45,3,95388,6,Premium Plan,Inactive
C1190,password,User 191,42,11,51401,0,Basic Plan,Active
C1191,password,User 192,56,1,91831,2,Standard Plan,Active
C1192,password,User 193,50,26,54084,1,Basic Plan,Active
C1193,password,User 194,18,30,75826,4,Standard Plan,Active
C1194,password,User 195,44,35,56451,4,Basic Plan,Active
C1195,password,User 196,69,35,27227,4,Premium Plan,Active
C1196,password,User 197,30,25,51910,3,Basic Plan,Inactive
C1197,password,User 198,58,26,56041,4,Basic Plan,Active
C1198,password,User 199,20,4,108920,2,Basic Plan,Active
C1199,password,User 200,56,19,85681,0,Premium Plan,Inactive
C1200,password,User 201,23,10,101571,4,Basic Plan,Active
C1201,password,User 202,25,9,85481,8,Premium Plan,Inactive
C1202,password,User 203,44,39,88576,8,Standard Plan,Inactive
C1203,password,User 204,26,37,84174,3,Basic Plan,Inactive
C1204,password,User 205,54,5,46160,2,Premium Plan,Active
C1205,password,User 206,50,7,37633,0,Premium Plan,Active
C1206,password,User 207,68,22,114880,1,Basic Plan,Inactive
C1207,password,User 208,59,25,37014,7,Standard Plan,Active
C1208,password,User 209,61,11,100532,0,Premium Plan,Active
C1209,password,User 210,41,25,69104,7,Basic Plan,Inactive
C1210,password,User 211,32,12,61621,6,Standard Plan,Inactive
C1211,password,User 212,49,39,97231,7,Premium Plan,Active
C1212,password,User 213,49,17,88388,5,Premium Plan,Inactive
C1213,password,User 214,41,24,36014,8,Standard Plan,Inactive
C1214,password,User 215,58,32,112578,2,Standard Plan,Inactive
C1215,password,User 216,69,39,53755,9,Basic Plan,Active
C1216,password,User 217,66,11,60390,3,Basic Plan,Active
C1217,password,User 218,66,35,43711,5,Premium Plan,Active
C1218,password,User 219,69,3,111658,7,Standard Plan,Inactive
C1219,password,User 220,29,4,77993,4,Standard Plan,Active
C1220,password,User 221,56,36,94696,2,Standard Plan,Inactive
C1221,password,User 222,19,7,47213,5,Premium Plan,Active
C1222,password,User 223,20,27,77784,3,Standard Plan,Active
C1223,password,User 224,66,30,27421,8,Standard Plan,Inactive
C1224,password,User 225,54,8,106936,2,Premium Plan,Active
C1225,password,User 226,66,28,119073,3,Basic Plan,Inactive
C1226,password,User 227,34,13,37727,6,Basic Plan,Active
C1227,password,User 228,66,39,24358,6,Premium Plan,Active
C1228,password,User 229,19,21,85108,3,Standard Plan,Inactive
C1229,password,User 230,19,10,114018,5,Premium Plan,Inactive
C1230,password,User 231,45,22,52117,2,Basic Plan,Inactive
C1231,password,User 232,40,0,108700,5,Basic Plan,Active
C1232,password,User 233,54,36,51910,1,Premium Plan,Active
C1233,password,User 234,49,20,118032,7,Premium Plan,Active
C1234,password,User 235,50,25,75754,1,Basic Plan,Inactive
C1235,password,User 236,18,35,82438,6,Premium Plan,Inactive
C1236,password,User 237,36,22,49371,8,Basic Plan,Inactive
C1237,password,User 238,19,0,71501,0,Premium Plan,Active
C1238,password,User 239,61,39,80946,7,Premium Plan,Active
C1239,password,User 240,43,14,58467,6,Premium Plan,Inactive
C1240,password,User 241,49,20,37625,5,Basic Plan,Active
C1241,password,User 242,23,8,53893,5,Premium Plan,Inactive
C1242,password,User 243,49,8,96329,5,Basic Plan,Active
C1243,password,User 244,21,9,51007,8,Basic Plan,Active
C1244,password,User 245,28,25,111302,1,Premium Plan,Inactive
C1245,password,User 246,34,34,59532,0,Premium Plan,Active
C1246,password,User 247,55,24,74253,5,Basic Plan,Active
C1247,password,User 248,41,25,32323,9,Basic Plan,Inactive
C1248,password,User 249,22,10,93379,7,Standard Plan,Inactive
C1249,password,User 250,69,37,34210,2,Basic Plan,Active
C1250,password,User 251,51,1,36456,9,Standard Plan,Inactive
C1251,password,User 252,23,6,51367,0,Standard Plan,Active
C1252,password,User 253,39,17,74624,8,Standard Plan,Inactive
C1253,password,User 254,28,26,30106,0,Premium Plan,Active
C1254,password,User 255,65,33,88008,2,Premium Plan,Active
C1255,password,User 256,33,26,92240,7,Basic Plan,Inactive
C1256,password,User 257,50,16,84315,2,Standard Plan,Active
C1257,password,User 258,26,23,89249,3,Premium Plan,Active
C1258,password,User 259,23,24,90587,7,Premium Plan,Inactive
C1259,password,User 260,33,6,30756,0,Premium Plan,Inactive
C1260,password,User 261,46,5,88011,5,Premium Plan,Active
C1261,password,User 262,20,23,56378,0,Premium Plan,Inactive
C1262,password,User 263,37,32,24255,0,Standard Plan,Inactive
C1263,password,User 264,53,28,34484,7,Standard Plan,Active
C1264,password,User 265,36,21,76549,3,Standard Plan,Active
C1265,password,User 266,43,25,54503,0,Standard Plan,Inactive
C1266,password,User 267,20,27,93794,9,Basic Plan,Inactive
C1267,password,User 268,36,20,65113,6,Standard Plan,Inactive
C1268,password,User 269,37,6,94069,4,Premium Plan,Active
C1269,password,User 270,49,16,118117,4,Standard Plan,Active
C1270,password,User 271,24,19,25249,0,Basic Plan,Active
C1271,password,User 272,69,19,39201,9,Premium Plan,Active
C1272,password,User 273,58,21,78576,5,Standard Plan,Active
C1273,password,User 274,50,27,29686,8,Standard Plan,Active
C1274,password,User 275,57,39,73363,8,Standard Plan,Active
C1275,password,User 276,56,6,117543,7,Premium Plan,Inactive
C1276,password,User 277,35,0,20661,4,Premium Plan,Inactive
C1277,password,User 278,57,31,64843,0,Basic Plan,Active
C1278,password,User 279,18,12,115673,8,Premium Plan,Active
C1279,password,User 280,28,29,80963,0,Premium Plan,Active
C1280,password,User 281,45,22,62828,7,Standard Plan,Inactive
C1281,password,User 282,42,18,68604,4,Premium Plan,Active
C1282,password,User 283,67,31,30526,2,Standard Plan,Inactive
C1283,password,User 284,40,29,88910,6,Standard Plan,Inactive
C1284,password,User 285,48,28,45592,6,Premium Plan,Inactive
C1285,password,User 286,47,28,48982,8,Basic Plan,Inactive
C1286,password,User 287,59,29,20207,6,Basic Plan,Inactive
C1287,password,User 288,52,15,108733,2,Premium Plan,Active
C1288,password,User 289,24,39,118936,0,Basic Plan,Active
C1289,password,User 290,33,18,88619,7,Standard Plan,Inactive
C1290,password,User 291,43,17,49328,2,Standard Plan,Active
C1291,password,User 292,65,0,66479,7,Premium Plan,Inactive
C1292,password,User 293,69,13,40103,7,Basic Plan,Inactive
C1293,password,User 294,66,1,59891,4,Basic Plan,Active
C1294,password,User 295,19,27,30754,0,Standard Plan,Active
C1295,password,User 296,18,29,119983,9,Premium Plan,Active
C1296,password,User 297,65,37,101437,6,Basic Plan,Active
C1297,password,User 298,29,3,118540,9,Premium Plan,Active
C1298,password,User 299,22,0,92982,4,Basic Plan,Inactive
C1299,password,User 300,54,7,75922,7,Standard Plan,Active
C1300,password,User 301,49,28,68231,8,Standard Plan,Active
C1301,password,User 302,26,38,49301,6,Premium Plan,Active
C1302,password,User 303,58,2,111652,6,Standard Plan,Inactive
C1303,password,User 304,52,31,82711,0,Basic Plan,Active
C1304,password,User 305,36,9,61323,3,Standard Plan,Inactive
C1305,password,User 306,65,9,38752,1,Premium Plan,Active
C1306,password,User 307,33,18,117912,1,Premium Plan,Active
C1307,password,User 308,20,33,102205,1,Premium Plan,Inactive
C1308,password,User 309,37,32,118452,3,Basic Plan,Active
C1309,password,User 310,41,22,33395,0,Basic Plan,Active
C1310,password,User 311,50,27,105957,3,Basic Plan,Inactive
C1311,password,User 312,41,31,76273,1,Basic Plan,Active
C1312,password,User 313,69,6,111878,4,Basic Plan,Inactive
C1313,password,User 314,28,28,24895,2,Standard Plan,Inactive
C1314,password,User 315,66,7,96559,7,Basic Plan,Inactive
C1315,password,User 316,25,0,30699,3,Basic Plan,Inactive
C1316,password,User 317,53,2,85061,0,Standard Plan,Inactive
C1317,password,User 318,55,23,29715,0,Basic Plan,Active
C1318,password,User 319,57,22,39169,9,Premium Plan,Active
C1319,password,User 320,37,7,36163,2,Basic Plan,Active
C1320,password,User 321,52,36,25782,8,Basic Plan,Inactive
C1321,password,User 322,65,2,108177,6,Premium Plan,Inactive
C1322,password,User 323,42,32,104328,1,Premium Plan,Inactive
C1323,password,User 324,52,27,55585,8,Premium Plan,Inactive
C1324,password,User 325,42,7,50682,9,Premium Plan,Active
C1325,password,User 326,46,33,67864,1,Basic Plan,Active
C1326,password,User 327,35,34,104416,2,Premium Plan,Inactive
C1327,password,User 328,63,31,75114,9,Premium Plan,Inactive
C1328,password,User 329,35,23,58067,1,Standard Plan,Active
C1329,password,User 330,19,13,62685,2,Premium Plan,Inactive
C1330,password,User 331,52,31,38073,5,Premium Plan,Inactive
C1331,password,User 332,33,15,56035,8,Standard Plan,Inactive
C1332,password,User 333,58,3,84977,8,Standard Plan,Active
C1333,password,User 334,53,36,110373,6,Basic Plan,Active
C1334,password,User 335,50,20,103362,2,Standard Plan,Inactive
C1335,password,User 336,21,13,110517,3,Basic Plan,Active
C1336,password,User 337,50,30,85450,5,Standard Plan,Inactive
C1337,password,User 338,31,17,30382,4,Standard Plan,Inactive
C1338,password,User 339,38,6,24437,1,Basic Plan,Active
C1339,password,User 340,65,9,90971,5,Standard Plan,Inactive
C1340,password,User 341,37,6,84612,2,Basic Plan,Inactive
C1341,password,User 342,25,32,110355,7,Standard Plan,Active
C1342,password,User 343,24,22,81929,1,Premium Plan,Inactive
C1343,password,User 344,20,20,117518,0,Standard Plan,Inactive
C1344,password,User 345,34,18,118864,8,Basic Plan,Inactive
C1345,password,User 346,50,18,32329,2,Standard Plan,Active
C1346,password,User 347,65,35,45169,0,Basic Plan,Inactive
C1347,password,User 348,29,28,107468,6,Basic Plan,Active
C1348,password,User 349,68,17,54594,9,Premium Plan,Inactive
C1349,password,User 350,39,1,96957,4,Premium Plan,Inactive
C1350,password,User 351,39,0,80631,4,Basic Plan,Inactive
C1351,password,User 352,63,4,65033,0,Standard Plan,Inactive
C1352,password,User 353,47,19,83133,8,Basic Plan,Active
C1353,password,User 354,55,10,93165,6,Basic Plan,Active
C1354,password,User 355,55,1,93861,7,Standard Plan,Inactive
C1355,password,User 356,62,2,72290,8,Standard Plan,Inactive
C1356,password,User 357,68,22,114031,5,Standard Plan,Inactive
C1357,password,User 358,25,11,51750,4,Standard Plan,Inactive
C1358,password,User 359,44,19,115155,5,Basic Plan,Inactive
C1359,password,User 360,44,4,60461,1,Basic Plan,Inactive
C1360,password,User 361,51,36,93800,3,Premium Plan,Inactive
C1361,password,User 362,38,37,98222,2,Basic Plan,Inactive
C1362,password,User 363,47,29,44226,6,Standard Plan,Active
C1363,password,User 364,50,8,26721,8,Premium Plan,Active
C1364,password,User 365,45,33,76154,4,Standard Plan,Active
C1365,password,User 366,64,34,40609,5,Basic Plan,Inactive
C1366,password,User 367,50,21,72130,9,Premium Plan,Inactive
C1367,password,User 368,22,23,92909,1,Standard Plan,Inactive
C1368,password,User 369,65,16,75249,2,Premium Plan,Active
C1369,password,User 370,36,9,68895,2,Premium Plan,Inactive
C1370,password,User 371,21,29,114473,8,Basic Plan,Active
C1371,password,User 372,52,22,25656,6,Standard Plan,Inactive
C1372,password,User 373,66,31,94520,7,Premium Plan,Active
C1373,password,User 374,34,16,83740,9,Premium Plan,Active
C1374,password,User 375,61,16,84309,8,Standard Plan,Active
C1375,password,User 376,45,13,49984,5,Premium Plan,Inactive
C1376,password,User 377,47,8,93822,3,Premium Plan,Active
C1377,password,User 378,46,39,25901,0,Premium Plan,Inactive
C1378,password,User 379,63,1,51552,7,Standard Plan,Inactive
C1379,password,User 380,23,24,111245,6,Standard Plan,Inactive
C1380,password,User 381,52,38,51055,1,Standard Plan,Inactive
C1381,password,User 382,58,8,57685,7,Standard Plan,Inactive
C1382,password,User 383,54,21,93965,4,Basic Plan,Active
C1383,password,User 384,41,3,34716,6,Premium Plan,Inactive
C1384,password,User 385,46,25,31138,3,Standard Plan,Inactive
C1385,password,User 386,66,28,55298,4,Premium Plan,Inactive
C1386,password,User 387,63,33,71112,7,Premium Plan,Inactive
C1387,password,User 388,48,22,43429,0,Basic Plan,Inactive
C1388,password,User 389,52,36,70200,0,Standard Plan,Active
C1389,password,User 390,50,10,91308,3,Standard Plan,Active
C1390,password,User 391,69,5,68244,2,Premium Plan,Inactive
C1391,password,User 392,38,17,37347,9,Standard Plan,Active
C1392,password,User 393,49,20,36920,1,Premium Plan,Active
C1393,password,User 394,40,35,51822,2,Premium Plan,Inactive
C1394,password,User 395,50,37,66659,0,Basic Plan,Active
C1395,password,User 396,20,33,60108,0,Basic Plan,Inactive
C1396,password,User 397,35,16,109099,5,Basic Plan,Active
C1397,password,User 398,42,36,27967,4,Premium Plan,Active
C1398,password,User 399,59,24,31871,7,Standard Plan,Active
C1399,password,User 400,48,37,114299,1,Basic Plan,Inactive
C1400,password,User 401,20,11,97452,3,Standard Plan,Active
C1401,password,User 402,57,22,94270,7,Basic Plan,Active
C1402,password,User 403,63,21,53613,5,Basic Plan,Inactive
C1403,password,User 404,41,20,48179,0,Premium Plan,Inactive
C1404,password,User 405,67,26,72188,3,Basic Plan,Active
C1405,password,User 406,49,30,75099,0,Basic Plan,Inactive
C1406,password,User 407,64,5,55262,1,Premium Plan,Active
C1407,password,User 408,39,26,98213,4,Standard Plan,Active
C1408,password,User 409,40,39,38268,7,Basic Plan,Inactive
C1409,password,User 410,19,33,97866,7,Premium Plan,Inactive
C1410,password,User 411,44,11,106269,2,Basic Plan,Inactive
C1411,password,User 412,59,6,80545,3,Premium Plan,Active
C1412,password,User 413,19,9,112822,9,Standard Plan,Inactive
C1413,password,User 414,43,16,92146,5,Standard Plan,Active
C1414,password,User 415,34,25,91966,9,Premium Plan,Inactive
C1415,password,User 416,57,20,59922,2,Premium Plan,Active
C1416,password,User 417,50,27,99364,1,Premium Plan,Inactive
C1417,password,User 418,26,1,62913,5,Standard Plan,Active
C1418,password,User 419,60,0,117033,4,Basic Plan,Inactive
C1419,password,User 420,65,35,75677,9,Standard Plan,Active
C1420,password,User 421,56,25,69841,4,Premium Plan,Inactive
C1421,password,User 422,46,28,66332,9,Premium Plan,Inactive
C1422,password,User 423,59,20,112062,4,Standard Plan,Active
C1423,password,User 424,43,10,115694,9,Premium Plan,Inactive
C1424,password,User 425,52,39,45032,4,Standard Plan,Active
C1425,password,User 426,67,10,57846,2,Premium Plan,Active
C1426,password,User 427,42,35,79474,6,Basic Plan,Inactive
C1427,password,User 428,41,38,64936,5,Basic Plan,Active
C1428,password,User 429,30,39,49794,3,Premium Plan,Inactive
C1429,password,User 430,24,34,81588,1,Standard Plan,Inactive
C1430,password,User 431,53,33,90984,8,Basic Plan,Active
C1431,password,User 432,62,23,70331,0,Standard Plan,Inactive
C1432,password,User 433,37,21,114397,3,Premium Plan,Active
C1433,password,User 434,18,4,48141,0,Standard Plan,Active
C1434,password,User 435,25,32,29074,5,Basic Plan,Inactive
C1435,password,User 436,63,35,26406,3,Standard Plan,Inactive
C1436,password,User 437,33,19,117359,4,Standard Plan,Active
C1437,password,User 438,31,18,43291,4,Premium Plan,Active
C1438,password,User 439,29,34,61568,8,Premium Plan,Inactive
C1439,password,User 440,68,16,117539,0,Premium Plan,Inactive
C1440,password,User 441,40,33,66851,1,Basic Plan,Inactive
C1441,password,User 442,32,8,119942,5,Basic Plan,Inactive
C1442,password,User 443,45,25,74823,4,Premium Plan,Active
C1443,password,User 444,51,1,43312,6,Premium Plan,Inactive
C1444,password,User 445,19,8,63108,2,Basic Plan,Active
C1445,password,User 446,49,8,86918,2,Basic Plan,Active
C1446,password,User 447,40,39,54171,9,Basic Plan,Inactive
C1447,password,User 448,39,16,61779,1,Basic Plan,Active
C1448,password,User 449,68,0,88828,2,Premium Plan,Inactive
C1449,password,User 450,42,24,118723,9,Basic Plan,Active
C1450,password,User 451,39,39,32411,0,Premium Plan,Inactive
C1451,password,User 452,39,24,77009,4,Standard Plan,Active
C1452,password,User 453,66,38,35422,4,Standard Plan,Active
C1453,password,User 454,69,34,62468,6,Basic Plan,Inactive
C1454,password,User 455,59,2,52371,3,Standard Plan,Inactive
C1455,password,User 456,23,36,77022,2,Standard Plan,Active
C1456,password,User 457,32,29,91229,0,Standard Plan,Active
C1457,password,User 458,60,37,119071,7,Basic Plan,Inactive
C1458,password,User 459,54,33,71196,2,Basic Plan,Active
C1459,password,User 460,50,11,100354,1,Standard Plan,Inactive
C1460,password,User 461,25,18,116774,3,Premium Plan,Active
C1461,password,User 462,61,36,116410,2,Standard Plan,Inactive
C1462,password,User 463,61,16,46715,0,Basic Plan,Active
C1463,password,User 464,22,9,47605,2,Basic Plan,Inactive
C1464,password,User 465,56,11,119853,1,Basic Plan,Inactive
C1465,password,User 466,21,15,51174,7,Standard Plan,Active
C1466,password,User 467,23,23,29956,5,Premium Plan,Inactive
C1467,password,User 468,62,18,96373,8,Basic Plan,Active
C1468,password,User 469,49,7,89252,7,Basic Plan,Inactive
C1469,password,User 470,69,30,81949,9,Standard Plan,Inactive
C1470,password,User 471,47,20,82646,2,Premium Plan,Inactive
C1471,password,User 472,64,16,90017,4,Standard Plan,Active
C1472,password,User 473,52,22,83037,6,Basic Plan,Inactive
C1473,password,User 474,57,36,109818,4,Premium Plan,Active
C1474,password,User 475,69,15,26548,7,Premium Plan,Inactive
C1475,password,User 476,33,5,93294,4,Basic Plan,Active
C1476,password,User 477,30,7,43177,0,Premium Plan,Active
C1477,password,User 478,67,24,44022,4,Premium Plan,Active
C1478,password,User 479,59,17,25542,3,Standard Plan,Inactive
C1479,password,User 480,47,24,111012,5,Basic Plan,Active
C1480,password,User 481,36,11,116320,2,Basic Plan,Inactive
C1481,password,User 482,34,14,80428,4,Basic Plan,Active
C1482,password,User 483,36,25,42740,1,Basic Plan,Active
C1483,password,User 484,45,25,79353,5,Basic Plan,Active
C1484,password,User 485,43,31,110353,5,Premium Plan,Active
C1485,password,User 486,54,9,76532,4,Standard Plan,Inactive
C1486,password,User 487,43,15,36052,5,Basic Plan,Active
C1487,password,User 488,40,6,67076,6,Standard Plan,Active
C1488,password,User 489,26,16,73420,4,Standard Plan,Inactive
C1489,password,User 490,29,22,20671,0,Premium Plan,Active
C1490,password,User 491,18,25,20163,7,Basic Plan,Active
C1491,password,User 492,18,20,61424,3,Premium Plan,Active
C1492,password,User 493,64,21,73744,8,Basic Plan,Active
C1493,password,User 494,51,6,90331,9,Premium Plan,Inactive
C1494,password,User 495,49,13,30634,5,Standard Plan,Inactive
C1495,password,User 496,65,14,24798,0,Basic Plan,Active
C1496,password,User 497,42,6,42420,2,Standard Plan,Inactive
C1497,password,User 498,57,8,49300,2,Standard Plan,Inactive
C1498,password,User 499,62,7,109881,9,Premium Plan,Active
C1499,password,User 500,18,22,30749,3,Basic Plan,Inactive
C1500,password,User 501,33,28,45121,5,Standard Plan,Active
C1501,password,User 502,56,17,57487,6,Premium Plan,Inactive
C1502,password,User 503,22,30,113947,9,Basic Plan,Inactive
C1503,password,User 504,39,29,53361,3,Basic Plan,Inactive
C1504,password,User 505,46,38,41223,5,Standard Plan,Active
C1505,password,User 506,20,34,92930,0,Basic Plan,Inactive
C1506,password,User 507,29,17,34056,7,Standard Plan,Active
C1507,password,User 508,43,38,48380,6,Basic Plan,Active
C1508,password,User 509,33,16,46035,8,Premium Plan,Inactive
C1509,password,User 510,68,13,50620,2,Standard Plan,Active
C1510,password,User 511,54,30,39877,1,Standard Plan,Inactive
C1511,password,User 512,39,23,75316,0,Basic Plan,Active
C1512,password,User 513,46,34,84041,2,Basic Plan,Active
C1513,password,User 514,31,33,73352,4,Standard Plan,Inactive
C1514,password,User 515,45,2,50911,1,Basic Plan,Inactive
C1515,password,User 516,22,36,52784,2,Premium Plan,Inactive
C1516,password,User 517,64,39,23191,3,Basic Plan,Inactive
C1517,password,User 518,66,25,53160,6,Premium Plan,Active
C1518,password,User 519,47,22,110536,2,Premium Plan,Active
C1519,password,User 520,63,38,84641,8,Premium Plan,Active
C1520,password,User 521,69,14,69723,7,Premium Plan,Inactive
C1521,password,User 522,22,3,23631,3,Premium Plan,Active
C1522,password,User 523,29,28,26172,0,Basic Plan,Inactive
C1523,password,User 524,33,21,62080,0,Premium Plan,Active
C1524,password,User 525,43,24,109097,0,Basic Plan,Inactive
C1525,password,User 526,43,12,110353,0,Premium Plan,Active
C1526,password,User 527,65,17,40281,7,Standard Plan,Active
C1527,password,User 528,38,32,48671,2,Premium Plan,Inactive
C1528,password,User 529,56,15,71431,5,Standard Plan,Active
C1529,password,User 530,53,1,110900,2,Premium Plan,Inactive
C1530,password,User 531,50,34,112961,4,Premium Plan,Active
C1531,password,User 532,47,33,48602,6,Premium Plan,Active
C1532,password,User 533,54,29,108789,1,Standard Plan,Inactive
C1533,password,User 534,40,12,71399,5,Standard Plan,Inactive
C1534,password,User 535,27,12,43472,5,Premium Plan,Active
C1535,password,User 536,22,17,69230,2,Basic Plan,Active
C1536,password,User 537,53,31,93616,5,Premium Plan,Active
C1537,password,User 538,51,31,27099,9,Standard Plan,Active
C1538,password,User 539,69,34,45431,9,Premium Plan,Active
C1539,password,User 540,48,38,76492,4,Standard Plan,Active
C1540,password,User 541,27,28,116722,1,Standard Plan,Inactive
C1541,password,User 542,36,28,67684,8,Standard Plan,Inactive
C1542,password,User 543,49,15,50111,7,Premium Plan,Inactive
C1543,password,User 544,18,9,83936,2,Standard Plan,Active
C1544,password,User 545,22,29,42614,7,Standard Plan,Active
C1545,password,User 546,62,24,112260,8,Premium Plan,Active
C1546,password,User 547,21,38,61991,2,Standard Plan,Inactive
C1547,password,User 548,33,19,90476,2,Premium Plan,Inactive
C1548,password,User 549,41,4,80920,1,Standard Plan,Active
C1549,password,User 550,33,0,114294,7,Basic Plan,Active
C1550,password,User 551,19,29,83530,9,Basic Plan,Inactive
C1551,password,User 552,66,2,56224,0,Standard Plan,Inactive
C1552,password,User 553,45,13,27788,7,Basic Plan,Inactive
C1553,password,User 554,49,29,48082,6,Premium Plan,Active
C1554,password,User 555,44,3,109570,6,Basic Plan,Active
C1555,password,User 556,37,17,96816,2,Standard Plan,Active
C1556,password,User 557,41,36,103588,0,Standard Plan,Inactive
C1557,password,User 558,29,24,36531,3,Premium Plan,Inactive
C1558,password,User 559,67,0,108340,8,Standard Plan,Active
C1559,password,User 560,52,14,114439,4,Premium Plan,Active
C1560,password,User 561,50,8,64857,0,Basic Plan,Inactive
C1561,password,User 562,50,14,30142,4,Basic Plan,Active
C1562,password,User 563,68,23,68355,7,Premium Plan,Inactive
C1563,password,User 564,60,3,29866,7,Premium Plan,Inactive
C1564,password,User 565,54,11,90067,4,Standard Plan,Active
C1565,password,User 566,29,36,84027,8,Basic Plan,Inactive
C1566,password,User 567,20,36,77906,0,Premium Plan,Active
C1567,password,User 568,18,5,48138,3,Basic Plan,Inactive
C1568,password,User 569,50,38,112601,2,Premium Plan,Inactive
C1569,password,User 570,57,23,49956,1,Basic Plan,Active
C1570,password,User 571,27,10,96295,7,Standard Plan,Inactive
C1571,password,User 572,60,12,25439,6,Basic Plan,Active
C1572,password,User 573,61,33,67241,8,Basic Plan,Active
C1573,password,User 574,46,24,62533,1,Basic Plan,Inactive
C1574,password,User 575,30,6,48270,3,Basic Plan,Active
C1575,password,User 576,29,3,98815,5,Basic Plan,Active
C1576,password,User 577,48,7,59279,2,Standard Plan,Active
C1577,password,User 578,63,19,43888,7,Premium Plan,Active
C1578,password,User 579,19,28,37630,2,Basic Plan,Active
C1579,password,User 580,68,9,81063,1,Standard Plan,Active
C1580,password,User 581,67,33,55144,2,Basic Plan,Inactive
C1581,password,User 582,52,25,72161,5,Basic Plan,Active
C1582,password,User 583,40,2,116718,1,Premium Plan,Inactive
C1583,password,User 584,34,5,111074,7,Basic Plan,Inactive
C1584,password,User 585,43,4,97360,0,Standard Plan,Active
C1585,password,User 586,25,4,70979,6,Standard Plan,Inactive
C1586,password,User 587,46,22,117661,1,Premium Plan,Inactive
C1587,password,User 588,43,8,26979,9,Basic Plan,Active
C1588,password,User 589,27,34,46189,5,Standard Plan,Active
C1589,password,User 590,43,19,62600,1,Basic Plan,Active
C1590,password,User 591,51,34,79560,1,Basic Plan,Inactive
C1591,password,User 592,68,17,98040,9,Basic Plan,Inactive
C1592,password,User 593,58,16,81558,7,Premium Plan,Active
C1593,password,User 594,24,23,106205,1,Basic Plan,Active
C1594,password,User 595,21,2,26910,6,Standard Plan,Inactive
C1595,password,User 596,67,31,77713,2,Basic Plan,Inactive
C1596,password,User 597,62,34,66857,7,Standard Plan,Inactive
C1597,password,User 598,28,37,54964,6,Basic Plan,Inactive
C1598,password,User 599,46,12,105667,7,Standard Plan,Active
C1599,password,User 600,53,24,45227,6,Standard Plan,Inactive
C1600,password,User 601,42,8,25978,5,Basic Plan,Inactive
C1601,password,User 602,38,3,107527,6,Basic Plan,Inactive
C1602,password,User 603,53,13,37153,4,Standard Plan,Inactive
C1603,password,User 604,27,36,79765,6,Premium Plan,Active
C1604,password,User 605,54,33,119084,0,Basic Plan,Active
C1605,password,User 606,26,10,59071,0,Premium Plan,Inactive
C1606,password,User 607,41,2,89519,8,Basic Plan,Inactive
C1607,password,User 608,52,27,29503,4,Basic Plan,Active
C1608,password,User 609,66,28,80703,4,Basic Plan,Active
C1609,password,User 610,52,8,84379,2,Basic Plan,Inactive
C1610,password,User 611,65,2,115457,4,Premium Plan,Inactive
C1611,password,User 612,53,24,77866,2,Basic Plan,Active
C1612,password,User 613,35,33,36905,8,Standard Plan,Active
C1613,password,User 614,66,11,65838,8,Standard Plan,Active
C1614,password,User 615,56,8,78279,5,Premium Plan,Active
C1615,password,User 616,49,14,109489,0,Basic Plan,Active
C1616,password,User 617,41,39,46806,6,Standard Plan,Active
C1617,password,User 618,40,24,65000,6,Premium Plan,Inactive
C1618,password,User 619,49,4,42168,9,Basic Plan,Active
C1619,password,User 620,54,10,90119,9,Standard Plan,Active
C1620,password,User 621,29,33,58714,3,Standard Plan,Active
C1621,password,User 622,66,23,74093,7,Premium Plan,Active
C1622,password,User 623,30,14,75419,5,Basic Plan,Inactive
C1623,password,User 624,40,37,69145,3,Basic Plan,Inactive
C1624,password,User 625,42,7,97425,3,Standard Plan,Active
C1625,password,User 626,52,4,112949,1,Standard Plan,Inactive
C1626,password,User 627,58,25,97811,1,Standard Plan,Inactive
C1627,password,User 628,47,17,22461,3,Basic Plan,Inactive
C1628,password,User 629,34,5,34291,4,Premium Plan,Inactive
C1629,password,User 630,66,36,66804,7,Premium Plan,Inactive
C1630,password,User 631,37,12,96971,5,Basic Plan,Inactive
C1631,password,User 632,65,27,113471,3,Premium Plan,Active
C1632,password,User 633,42,4,84946,6,Standard Plan,Active
C1633,password,User 634,39,12,118989,7,Premium Plan,Active
C1634,password,User 635,30,16,104080,1,Premium Plan,Active
C1635,password,User 636,36,39,81332,6,Premium Plan,Active
C1636,password,User 637,66,31,97794,1,Standard Plan,Inactive
C1637,password,User 638,53,28,50841,1,Basic Plan,Active
C1638,password,User 639,29,2,68758,7,Standard Plan,Active
C1639,password,User 640,58,39,96272,1,Basic Plan,Inactive
C1640,password,User 641,36,33,57643,8,Basic Plan,Inactive
C1641,password,User 642,29,39,70408,0,Basic Plan,Active
C1642,password,User 643,26,26,63950,8,Premium Plan,Inactive
C1643,password,User 644,24,12,76849,0,Premium Plan,Inactive
C1644,password,User 645,45,32,48044,9,Basic Plan,Inactive
C1645,password,User 646,31,5,35997,9,Basic Plan,Inactive
C1646,password,User 647,48,23,99751,1,Premium Plan,Active
C1647,password,User 648,69,18,118605,5,Standard Plan,Inactive
C1648,password,User 649,36,15,43911,5,Basic Plan,Active
C1649,password,User 650,64,39,75533,0,Standard Plan,Active
C1650,password,User 651,33,27,102566,6,Premium Plan,Inactive
C1651,password,User 652,22,32,114870,7,Basic Plan,Inactive
C1652,password,User 653,52,12,34571,1,Standard Plan,Inactive
C1653,password,User 654,29,24,114463,7,Standard Plan,Active
C1654,password,User 655,42,35,77941,8,Standard Plan,Inactive
C1655,password,User 656,69,26,78005,5,Premium Plan,Inactive
C1656,password,User 657,38,37,106250,4,Premium Plan,Inactive
C1657,password,User 658,53,6,78712,8,Standard Plan,Inactive
C1658,password,User 659,40,4,63541,8,Standard Plan,Inactive
C1659,password,User 660,33,30,43387,0,Premium Plan,Active
C1660,password,User 661,56,22,113980,2,Standard Plan,Inactive
C1661,password,User 662,62,9,68908,8,Standard Plan,Inactive
C1662,password,User 663,59,31,105457,1,Premium Plan,Inactive
C1663,password,User 664,56,29,33057,3,Standard Plan,Active
C1664,password,User 665,31,38,84028,3,Standard Plan,Inactive
C1665,password,User 666,48,30,75731,1,Standard Plan,Active
C1666,password,User 667,22,17,44858,2,Premium Plan,Active
C1667,password,User 668,52,35,68689,2,Standard Plan,Inactive
C1668,password,User 669,40,1,64638,0,Premium Plan,Inactive
C1669,password,User 670,46,13,111598,5,Premium Plan,Inactive
C1670,password,User 671,60,12,66486,7,Basic Plan,Active
C1671,password,User 672,28,28,40567,2,Basic Plan,Active
C1672,password,User 673,35,11,49739,4,Standard Plan,Active
C1673,password,User 674,64,38,77804,0,Premium Plan,Active
C1674,password,User 675,29,1,23754,9,Basic Plan,Active
C1675,password,User 676,26,31,47044,6,Standard Plan,Active
C1676,password,User 677,27,12,87260,9,Basic Plan,Inactive
C1677,password,User 678,61,26,86912,0,Basic Plan,Inactive
C1678,password,User 679,34,16,28706,8,Premium Plan,Active
C1679,password,User 680,55,39,28894,7,Premium Plan,Inactive
C1680,password,User 681,24,30,38037,6,Basic Plan,Inactive
C1681,password,User 682,63,33,103986,9,Basic Plan,Active
C1682,password,User 683,30,23,101942,6,Premium Plan,Active
C1683,password,User 684,57,34,71612,4,Standard Plan,Inactive
C1684,password,User 685,59,5,49725,4,Premium Plan,Active
C1685,password,User 686,26,18,25926,4,Basic Plan,Active
C1686,password,User 687,67,29,29496,0,Standard Plan,Inactive
C1687,password,User 688,44,6,76447,7,Basic Plan,Active
C1688,password,User 689,19,9,49806,0,Standard Plan,Inactive
C1689,password,User 690,22,31,108199,3,Basic Plan,Inactive
C1690,password,User 691,46,33,61321,8,Standard Plan,Inactive
C1691,password,User 692,54,27,85095,8,Standard Plan,Inactive
C1692,password,User 693,55,14,42656,4,Basic Plan,Inactive
C1693,password,User 694,36,29,75147,3,Standard Plan,Active
C1694,password,User 695,25,36,111396,2,Premium Plan,Active
C1695,password,User 696,65,28,69666,2,Basic Plan,Active
C1696,password,User 697,62,21,102368,4,Premium Plan,Active
C1697,password,User 698,18,3,58787,9,Basic Plan,Inactive
C1698,password,User 699,39,19,82946,0,Standard Plan,Inactive
C1699,password,User 700,69,31,41727,4,Standard Plan,Active
C1700,password,User 701,34,35,115081,5,Standard Plan,Inactive
C1701,password,User 702,24,3,88056,6,Basic Plan,Active
C1702,password,User 703,42,26,23081,8,Premium Plan,Active
C1703,password,User 704,62,16,54196,2,Premium Plan,Active
C1704,password,User 705,21,11,56735,1,Basic Plan,Inactive
C1705,password,User 706,53,21,100102,2,Basic Plan,Inactive
C1706,password,User 707,23,16,99578,8,Premium Plan,Inactive
C1707,password,User 708,48,9,45498,6,Premium Plan,Inactive
C1708,password,User 709,36,0,96865,8,Premium Plan,Active
C1709,password,User 710,61,21,51656,1,Premium Plan,Inactive
C1710,password,User 711,56,25,87695,4,Basic Plan,Inactive
C1711,password,User 712,44,17,57900,3,Basic Plan,Inactive
C1712,password,User 713,27,13,104899,1,Standard Plan,Active
C1713,password,User 714,43,28,67701,8,Premium Plan,Active
C1714,password,User 715,36,11,39033,8,Standard Plan,Inactive
C1715,password,User 716,56,35,30805,5,Basic Plan,Inactive
C1716,password,User 717,20,34,55851,5,Basic Plan,Inactive
C1717,password,User 718,62,11,46832,7,Standard Plan,Inactive
C1718,password,User 719,30,6,83437,5,Premium Plan,Active
C1719,password,User 720,67,28,33944,0,Premium Plan,Inactive
C1720,password,User 721,45,10,39873,3,Premium Plan,Inactive
C1721,password,User 722,37,32,60372,6,Premium Plan,Inactive
C1722,password,User 723,45,5,109464,1,Standard Plan,Active
C1723,password,User 724,25,14,35379,8,Standard Plan,Active
C1724,password,User 725,58,31,56751,7,Basic Plan,Inactive
C1725,password,User 726,56,10,109822,7,Premium Plan,Inactive
C1726,password,User 727,18,22,25110,6,Premium Plan,Inactive
C1727,password,User 728,20,25,74341,3,Premium Plan,Inactive
C1728,password,User 729,30,33,32087,1,Standard Plan,Inactive
C1729,password,User 730,45,33,43762,2,Premium Plan,Active
C1730,password,User 731,66,28,102617,5,Standard Plan,Active
C1731,password,User 732,42,3,29596,4,Premium Plan,Active
C1732,password,User 733,50,16,38313,7,Premium Plan,Inactive
C1733,password,User 734,55,34,86549,5,Basic Plan,Active
C1734,password,User 735,23,12,43705,5,Premium Plan,Active
C1735,password,User 736,61,38,87364,0,Premium Plan,Active
C1736,password,User 737,62,14,93445,3,Basic Plan,Inactive
C1737,password,User 738,49,28,98645,4,Standard Plan,Inactive
C1738,password,User 739,62,28,22023,2,Standard Plan,Active
C1739,password,User 740,64,10,79796,8,Premium Plan,Inactive
C1740,password,User 741,38,31,100073,0,Standard Plan,Active
C1741,password,User 742,33,1,112197,5,Premium Plan,Active
C1742,password,User 743,38,13,84429,5,Basic Plan,Active
C1743,password,User 744,28,19,81627,9,Basic Plan,Active
C1744,password,User 745,54,21,53848,4,Premium Plan,Inactive
C1745,password,User 746,53,10,57804,4,Basic Plan,Inactive
C1746,password,User 747,52,26,35379,9,Basic Plan,Inactive
C1747,password,User 748,36,2,79664,4,Premium Plan,Inactive
C1748,password,User 749,37,16,47766,5,Premium Plan,Active
C1749,password,User 750,35,27,88099,7,Basic Plan,Inactive
C1750,password,User 751,64,28,56060,1,Standard Plan,Active
C1751,password,User 752,58,20,114733,5,Standard Plan,Inactive
C1752,password,User 753,66,15,89122,0,Premium Plan,Inactive
C1753,password,User 754,31,36,36087,3,Premium Plan,Inactive
C1754,password,User 755,32,19,68868,9,Standard Plan,Active
C1755,password,User 756,48,5,43225,2,Basic Plan,Active
C1756,password,User 757,18,18,115286,8,Standard Plan,Active
C1757,password,User 758,20,4,26643,2,Standard Plan,Active
C1758,password,User 759,33,2,113059,5,Standard Plan,Inactive
C1759,password,User 760,40,0,56727,0,Standard Plan,Active
C1760,password,User 761,28,37,31005,5,Premium Plan,Active
C1761,password,User 762,29,14,85697,3,Premium Plan,Inactive
C1762,password,User 763,27,33,36029,7,Basic Plan,Inactive
C1763,password,User 764,49,34,34226,8,Basic Plan,Active
C1764,password,User 765,33,24,83646,3,Basic Plan,Inactive
C1765,password,User 766,25,23,80603,9,Basic Plan,Active
C1766,password,User 767,55,11,48731,9,Standard Plan,Inactive
C1767,password,User 768,29,17,88926,5,Premium Plan,Active
C1768,password,User 769,41,14,25997,0,Premium Plan,Active
C1769,password,User 770,45,15,75506,3,Basic Plan,Active
C1770,password,User 771,25,26,98229,6,Basic Plan,Active
C1771,password,User 772,45,7,69815,0,Standard Plan,Active
C1772,password,User 773,53,24,62092,7,Standard Plan,Inactive
C1773,password,User 774,43,16,82539,9,Basic Plan,Active
C1774,password,User 775,25,28,86077,5,Premium Plan,Active
C1775,password,User 776,67,7,41817,4,Premium Plan,Active
C1776,password,User 777,45,14,57861,9,Premium Plan,Active
C1777,password,User 778,45,26,33428,8,Basic Plan,Active
C1778,password,User 779,54,6,63934,1,Premium Plan,Inactive
C1779,password,User 780,58,2,30258,4,Standard Plan,Inactive
C1780,password,User 781,53,28,77775,5,Standard Plan,Active
C1781,password,User 782,44,23,101580,6,Basic Plan,Inactive
C1782,password,User 783,34,2,114947,4,Standard Plan,Active
C1783,password,User 784,26,19,25469,8,Basic Plan,Inactive
C1784,password,User 785,50,14,48854,0,Premium Plan,Inactive
C1785,password,User 786,37,24,26256,6,Premium Plan,Active
C1786,password,User 787,30,29,96256,9,Premium Plan,Inactive
C1787,password,User 788,45,13,53937,6,Standard Plan,Inactive
C1788,password,User 789,65,6,119134,3,Basic Plan,Active
C1789,password,User 790,46,16,21651,8,Premium Plan,Active
C1790,password,User 791,30,19,70288,4,Basic Plan,Inactive
C1791,password,User 792,63,35,104730,3,Premium Plan,Inactive
C1792,password,User 793,52,8,45051,6,Standard Plan,Inactive
C1793,password,User 794,23,37,47386,3,Standard Plan,Active
C1794,password,User 795,35,21,95054,2,Basic Plan,Inactive
C1795,password,User 796,68,1,36184,8,Standard Plan,Inactive
C1796,password,User 797,22,23,53787,7,Standard Plan,Inactive
C1797,password,User 798,64,7,41621,0,Basic Plan,Active
C1798,password,User 799,42,10,95564,6,Premium Plan,Active
C1799,password,User 800,19,12,97984,8,Standard Plan,Active
C1800,password,User 801,27,16,79792,7,Basic Plan,Active
C1801,password,User 802,47,7,65253,7,Standard Plan,Inactive
C1802,password,User 803,67,20,54051,5,Standard Plan,Active
C1803,password,User 804,62,17,69811,3,Standard Plan,Inactive
C1804,password,User 805,22,29,50447,7,Standard Plan,Inactive
C1805,password,User 806,50,17,103930,2,Basic Plan,Inactive
C1806,password,User 807,18,30,50254,8,Basic Plan,Inactive
C1807,password,User 808,35,37,104045,1,Basic Plan,Active
C1808,password,User 809,49,31,77418,1,Standard Plan,Active
C1809,password,User 810,64,10,34472,6,Standard Plan,Active
C1810,password,User 811,66,24,23471,9,Standard Plan,Active
C1811,password,User 812,28,32,115804,3,Basic Plan,Active
C1812,password,User 813,38,37,28329,9,Standard Plan,Inactive
C1813,password,User 814,43,7,54865,7,Premium Plan,Active
C1814,password,User 815,42,10,66850,8,Standard Plan,Active
C1815,password,User 816,39,21,74220,6,Premium Plan,Active
C1816,password,User 817,44,23,113808,4,Standard Plan,Active
C1817,password,User 818,66,16,26397,7,Basic Plan,Inactive
C1818,password,User 819,30,11,117909,3,Standard Plan,Inactive
C1819,password,User 820,50,31,55525,1,Premium Plan,Inactive
C1820,password,User 821,51,14,73072,5,Premium Plan,Inactive
C1821,password,User 822,58,15,110106,8,Standard Plan,Inactive
C1822,password,User 823,52,21,103820,0,Premium Plan,Active
C1823,password,User 824,18,27,104530,9,Premium Plan,Inactive
C1824,password,User 825,38,19,43284,6,Basic Plan,Inactive
C1825,password,User 826,65,32,81330,9,Standard Plan,Inactive
C1826,password,User 827,23,9,103369,8,Standard Plan,Active
C1827,password,User 828,45,39,45122,9,Standard Plan,Active
C1828,password,User 829,34,31,90553,8,Premium Plan,Inactive
C1829,password,User 830,22,32,101906,9,Standard Plan,Active
C1830,password,User 831,48,1,114788,2,Standard Plan,Active
C1831,password,User 832,22,32,82812,4,Basic Plan,Inactive
C1832,password,User 833,55,32,27999,7,Basic Plan,Active
C1833,password,User 834,20,12,42436,7,Basic Plan,Active
C1834,password,User 835,40,29,62963,3,Premium Plan,Active
C1835,password,User 836,54,32,22096,0,Standard Plan,Inactive
C1836,password,User 837,54,12,45279,0,Basic Plan,Inactive
C1837,password,User 838,27,25,46201,3,Basic Plan,Inactive
C1838,password,User 839,27,21,39715,5,Basic Plan,Active
C1839,password,User 840,36,38,49309,7,Standard Plan,Inactive
C1840,password,User 841,34,1,35078,5,Standard Plan,Active
C1841,password,User 842,38,37,76614,8,Standard Plan,Active
C1842,password,User 843,31,38,25105,8,Premium Plan,Active
C1843,password,User 844,26,25,114848,1,Premium Plan,Inactive
C1844,password,User 845,63,14,22839,9,Basic Plan,Inactive
C1845,password,User 846,18,33,88920,0,Standard Plan,Inactive
C1846,password,User 847,68,39,63619,1,Basic Plan,Inactive
C1847,password,User 848,62,10,62821,4,Standard Plan,Active
C1848,password,User 849,30,2,33493,3,Standard Plan,Inactive
C1849,password,User 850,21,5,37069,3,Standard Plan,Active
C1850,password,User 851,18,8,27531,8,Premium Plan,Inactive
C1851,password,User 852,66,5,57051,7,Premium Plan,Inactive
C1852,password,User 853,57,8,27736,5,Standard Plan,Inactive
C1853,password,User 854,49,38,27710,0,Basic Plan,Active
C1854,password,User 855,51,30,87155,1,Standard Plan,Active
C1855,password,User 856,45,31,33975,5,Standard Plan,Active
C1856,password,User 857,48,11,82424,1,Basic Plan,Active
C1857,password,User 858,25,7,65603,9,Standard Plan,Active
C1858,password,User 859,56,7,43252,4,Basic Plan,Inactive
C1859,password,User 860,43,27,100797,4,Premium Plan,Active
C1860,password,User 861,51,19,21431,5,Premium Plan,Active
C1861,password,User 862,20,6,94603,5,Basic Plan,Active
C1862,password,User 863,67,10,57481,5,Premium Plan,Active
C1863,password,User 864,29,19,112573,1,Premium Plan,Inactive
C1864,password,User 865,18,15,29557,9,Basic Plan,Active
C1865,password,User 866,61,3,94971,2,Premium Plan,Inactive
C1866,password,User 867,22,5,20162,5,Standard Plan,Inactive
C1867,password,User 868,47,21,54742,7,Standard Plan,Inactive
C1868,password,User 869,47,25,39675,0,Basic Plan,Active
C1869,password,User 870,34,2,93997,0,Premium Plan,Inactive
C1870,password,User 871,65,13,37015,1,Standard Plan,Active
C1871,password,User 872,64,10,70057,5,Standard Plan,Active
C1872,password,User 873,40,17,52591,8,Premium Plan,Active
C1873,password,User 874,32,11,113583,3,Premium Plan,Active
C1874,password,User 875,54,22,29833,2,Standard Plan,Active
C1875,password,User 876,38,11,27896,7,Standard Plan,Inactive
C1876,password,User 877,31,12,52972,9,Basic Plan,Inactive
C1877,password,User 878,19,24,69733,8,Basic Plan,Active
C1878,password,User 879,28,18,61800,4,Standard Plan,Inactive
C1879,password,User 880,68,35,116044,8,Basic Plan,Active
C1880,password,User 881,56,7,25347,1,Standard Plan,Inactive
C1881,password,User 882,55,28,79063,2,Standard Plan,Inactive
C1882,password,User 883,51,31,115850,6,Basic Plan,Inactive
C1883,password,User 884,55,17,22643,6,Basic Plan,Inactive
C1884,password,User 885,67,5,60785,5,Premium Plan,Inactive
C1885,password,User 886,51,17,38681,5,Premium Plan,Active
C1886,password,User 887,35,18,70026,1,Premium Plan,Active
C1887,password,User 888,47,21,35892,9,Standard Plan,Inactive
C1888,password,User 889,32,36,67299,5,Basic Plan,Active
C1889,password,User 890,44,31,37073,3,Standard Plan,Inactive
C1890,password,User 891,68,2,50682,2,Basic Plan,Active
C1891,password,User 892,51,27,117798,1,Standard Plan,Inactive
C1892,password,User 893,69,9,116894,0,Premium Plan,Inactive
C1893,password,User 894,55,34,34289,4,Premium Plan,Inactive
C1894,password,User 895,50,28,27927,1,Premium Plan,Active
C1895,password,User 896,41,14,68330,1,Standard Plan,Active
C1896,password,User 897,32,32,86707,6,Basic Plan,Inactive
C1897,password,User 898,47,6,97454,7,Basic Plan,Inactive
C1898,password,User 899,59,11,85428,9,Premium Plan,Active
C1899,password,User 900,68,29,70601,7,Premium Plan,Active
C1900,password,User 901,34,20,97465,3,Premium Plan,Active
C1901,password,User 902,22,30,22539,0,Premium Plan,Active
C1902,password,User 903,46,23,42669,6,Basic Plan,Active
C1903,password,User 904,21,19,90968,0,Standard Plan,Inactive
C1904,password,User 905,27,36,40644,3,Standard Plan,Active
C1905,password,User 906,34,3,38745,7,Standard Plan,Inactive
C1906,password,User 907,27,27,48228,1,Standard Plan,Inactive
C1907,password,User 908,34,19,54521,5,Premium Plan,Active
C1908,password,User 909,37,23,117239,5,Premium Plan,Active
C1909,password,User 910,41,31,46928,8,Premium Plan,Inactive
C1910,password,User 911,22,35,38322,4,Standard Plan,Active
C1911,password,User 912,51,33,77714,9,Premium Plan,Inactive
C1912,password,User 913,23,35,107896,3,Premium Plan,Active
C1913,password,User 914,19,1,82292,4,Basic Plan,Active
C1914,password,User 915,30,14,49055,9,Basic Plan,Active
C1915,password,User 916,60,33,62891,4,Premium Plan,Inactive
C1916,password,User 917,60,35,101912,7,Basic Plan,Active
C1917,password,User 918,65,5,26588,9,Basic Plan,Inactive
C1918,password,User 919,28,38,110536,7,Premium Plan,Active
C1919,password,User 920,68,11,26304,1,Premium Plan,Inactive
C1920,password,User 921,64,2,27345,6,Premium Plan,Active
C1921,password,User 922,40,17,49300,7,Premium Plan,Inactive
C1922,password,User 923,33,39,44259,5,Standard Plan,Inactive
C1923,password,User 924,48,20,111006,4,Standard Plan,Inactive
C1924,password,User 925,28,14,108553,8,Premium Plan,Inactive
C1925,password,User 926,33,32,35352,2,Basic Plan,Inactive
C1926,password,User 927,25,34,53365,9,Premium Plan,Inactive
C1927,password,User 928,21,25,39446,3,Premium Plan,Active
C1928,password,User 929,57,7,22336,8,Basic Plan,Inactive
C1929,password,User 930,21,35,82032,5,Standard Plan,Inactive
C1930,password,User 931,42,29,95415,7,Premium Plan,Inactive
C1931,password,User 932,20,22,117852,6,Premium Plan,Active
C1932,password,User 933,49,13,118876,1,Standard Plan,Active
C1933,password,User 934,20,13,27521,2,Standard Plan,Active
C1934,password,User 935,44,1,91707,0,Basic Plan,Inactive
C1935,password,User 936,46,36,43481,8,Standard Plan,Active
C1936,password,User 937,49,4,38474,6,Standard Plan,Active
C1937,password,User 938,67,37,66760,0,Standard Plan,Inactive
C1938,password,User 939,68,13,75718,2,Basic Plan,Inactive
C1939,password,User 940,36,38,64629,3,Standard Plan,Active
C1940,password,User 941,38,24,65232,3,Standard Plan,Inactive
C1941,password,User 942,22,19,106544,4,Basic Plan,Inactive
C1942,password,User 943,35,1,87169,2,Standard Plan,Inactive
C1943,password,User 944,45,38,70669,2,Standard Plan,Inactive
C1944,password,User 945,59,5,98021,0,Basic Plan,Active
C1945,password,User 946,39,16,89184,6,Premium Plan,Inactive
C1946,password,User 947,38,24,67945,9,Basic Plan,Active
C1947,password,User 948,23,27,33140,0,Standard Plan,Active
C1948,password,User 949,18,1,103457,1,Standard Plan,Active
C1949,password,User 950,22,34,34357,3,Standard Plan,Active
C1950,password,User 951,58,36,88673,3,Basic Plan,Inactive
C1951,password,User 952,29,4,85633,4,Standard Plan,Inactive
C1952,password,User 953,43,0,96943,1,Standard Plan,Inactive
C1953,password,User 954,63,39,116111,3,Basic Plan,Active
C1954,password,User 955,51,11,98258,0,Premium Plan,Active
C1955,password,User 956,66,35,32924,1,Premium Plan,Active
C1956,password,User 957,31,22,89286,0,Standard Plan,Inactive
C1957,password,User 958,43,30,113269,9,Basic Plan,Active
C1958,password,User 959,62,10,94071,9,Standard Plan,Inactive
C1959,password,User 960,44,9,77326,3,Basic Plan,Inactive
C1960,password,User 961,26,2,110023,3,Basic Plan,Inactive
C1961,password,User 962,43,13,50651,6,Premium Plan,Inactive
C1962,password,User 963,64,15,90202,9,Premium Plan,Active
C1963,password,User 964,39,9,68777,8,Basic Plan,Inactive
C1964,password,User 965,64,28,36994,8,Standard Plan,Active
C1965,password,User 966,47,9,87263,4,Premium Plan,Inactive
C1966,password,User 967,60,11,79634,9,Standard Plan,Active
C1967,password,User 968,65,29,30800,0,Premium Plan,Active
C1968,password,User 969,34,0,57823,0,Premium Plan,Inactive
C1969,password,User 970,43,4,83878,5,Standard Plan,Inactive
C1970,password,User 971,53,19,38708,1,Premium Plan,Inactive
C1971,password,User 972,18,7,32819,7,Premium Plan,Active
C1972,password,User 973,25,11,94905,8,Standard Plan,Inactive
C1973,password,User 974,66,0,83870,3,Premium Plan,Inactive
C1974,password,User 975,52,19,29283,4,Premium Plan,Active
C1975,password,User 976,69,27,50573,7,Premium Plan,Inactive
C1976,password,User 977,32,36,98707,2,Standard Plan,Active
C1977,password,User 978,64,36,50933,4,Basic Plan,Inactive
C1978,password,User 979,39,11,25774,2,Standard Plan,Active
C1979,password,User 980,31,36,92055,9,Basic Plan,Active
C1980,password,User 981,43,27,30983,2,Premium Plan,Inactive
C1981,password,User 982,45,14,116468,2,Basic Plan,Active
C1982,password,User 983,40,5,116334,6,Standard Plan,Inactive
C1983,password,User 984,31,19,38133,6,Standard Plan,Inactive
C1984,password,User 985,41,13,34939,6,Premium Plan,Active
C1985,password,User 986,19,1,20781,9,Basic Plan,Inactive
C1986,password,User 987,62,8,76700,7,Premium Plan,Active
C1987,password,User 988,43,36,47624,4,Premium Plan,Active
C1988,password,User 989,31,19,26823,4,Standard Plan,Active
C1989,password,User 990,68,25,38489,3,Basic Plan,Active
C1990,password,User 991,24,28,59961,6,Basic Plan,Active
C1991,password,User 992,20,0,49118,9,Basic Plan,Active
C1992,password,User 993,64,34,101816,3,Basic Plan,Active
C1993,password,User 994,40,5,42263,1,Premium Plan,Active
C1994,password,User 995,63,36,33565,3,Premium Plan,Inactive
C1995,password,User 996,60,4,40354,7,Standard Plan,Inactive
C1996,password,User 997,64,32,62951,8,Premium Plan,Active
C1997,password,User 998,62,13,111179,2,Premium Plan,Inactive
C1998,password,User 999,35,11,43648,6,Standard Plan,Inactive
C1999,password,User 1000,55,19,70729,8,Standard Plan,Inactive
